customer_id,First_Name,Last_Name,Email,Contact_Number
7,Leslie,Wright,grahamnicole@example.org,4119903201
8,Lindsay,Cohen,wellsdonald@example.com,+1-561-437-9462x0181
9,Ronald,Peterson,lwhite@example.org,(518)900-9295
10,Jacqueline,Petersen,annahernandez@example.org,+1-915-584-9201x239
11,James,Williams,clarkdavid@example.com,+1-522-775-6870x400
12,Scott,Adams,ubryant@example.org,791.781.3994x0503
13,Troy,Salazar,denise18@example.net,804-212-0201
14,Patricia,Terry,josephshepard@example.com,+1-887-292-0930x24147
15,Mark,Gonzalez,freynolds@example.com,+1-413-671-4730x2873
16,William,Benton,clarkmary@example.com,(483)520-3573
